"Data","Último","Abertura","Máxima","Mínima","Vol.","Var%"
"01.01.2022","150,800","146,300","150,900","146,300","225,23K","3,08%"
"31.12.2021","146,300","148,000","152,500","143,800","344,87K","-1,22%"
"30.12.2021","148,100","145,500","149,900","143,000","318,21K","1,86%"
"29.12.2021","145,400","145,700","150,700","144,200","444,89K","-0,21%"
"28.12.2021","145,700","155,900","155,900","144,700","679,90K","-6,54%"
"27.12.2021","155,900","155,800","161,100","154,500","464,11K","0,06%"
"26.12.2021","155,800","157,700","158,300","153,000","890,80K","-1,20%"
"25.12.2021","157,700","161,000","163,600","157,700","453,25K","-2,05%"
"24.12.2021","161,000","163,500","166,700","160,300","411,82K","-1,53%"
"23.12.2021","163,500","155,400","165,100","153,200","521,21K","5,21%"
"22.12.2021","155,400","154,800","160,100","153,100","415,29K","0,39%"
"21.12.2021","154,800","152,600","156,300","149,200","375,36K","1,44%"
"20.12.2021","152,600","153,300","157,400","145,400","550,93K","-0,46%"
"19.12.2021","153,300","148,700","160,500","147,600","738,41K","3,09%"
"18.12.2021","148,700","144,100","150,200","142,900","300,89K","3,19%"
"17.12.2021","144,100","148,900","150,300","141,500","472,43K","-3,22%"
"16.12.2021","148,900","153,500","156,400","148,600","434,90K","-3,00%"
"15.12.2021","153,500","150,500","155,000","141,900","611,77K","1,93%"
"14.12.2021","150,600","144,500","151,800","143,000","511,83K","4,22%"
"13.12.2021","144,500","159,100","159,800","142,900","628,20K","-9,18%"
"12.12.2021","159,100","157,600","162,400","153,300","382,61K","0,95%"
"11.12.2021","157,600","148,400","159,300","146,000","558,52K","6,20%"
"10.12.2021","148,400","151,500","159,600","147,900","704,52K","-2,05%"
"09.12.2021","151,500","165,000","167,100","151,400","648,27K","-8,18%"
"08.12.2021","165,000","161,900","169,700","156,400","890,45K","1,91%"
"07.12.2021","161,900","161,600","165,600","158,500","672,33K","0,19%"
"06.12.2021","161,600","156,200","164,300","141,500","1,10M","3,46%"
"05.12.2021","156,200","162,900","164,900","148,900","1,08M","-4,11%"
"04.12.2021","162,900","188,000","189,200","130,300","2,76M","-13,35%"
"03.12.2021","188,000","203,500","207,500","180,500","824,67K","-7,62%"
"02.12.2021","203,500","208,800","210,100","200,100","562,33K","-2,54%"
"01.12.2021","208,800","207,800","217,600","205,600","674,03K","0,34%"
"30.11.2021","208,100","205,600","218,900","197,500","1,03M","1,27%"
"29.11.2021","205,500","199,600","209,300","195,400","811,22K","2,96%"
"28.11.2021","199,600","195,100","199,800","183,500","723,66K","2,25%"
"27.11.2021","195,200","195,800","200,700","190,800","524,81K","0,05%"
"26.11.2021","195,100","222,700","224,700","190,400","1,54M","-12,39%"
"25.11.2021","222,700","212,200","229,600","210,700","891,65K","4,95%"
"24.11.2021","212,200","216,400","217,700","206,100","586,49K","-1,94%"
"23.11.2021","216,400","209,100","218,400","205,600","710,13K","3,49%"
"22.11.2021","209,100","221,900","221,900","205,600","865,58K","-5,77%"
"21.11.2021","221,900","226,800","230,100","219,800","698,10K","-2,16%"
"20.11.2021","226,800","217,900","227,500","213,300","841,26K","4,08%"
"19.11.2021","217,900","204,200","220,700","199,800","1,04M","6,45%"
"18.11.2021","204,700","229,800","231,900","200,000","1,69M","-10,92%"
"17.11.2021","229,800","230,200","235,000","219,300","1,42M","-0,17%"
"16.11.2021","230,200","263,000","263,000","223,000","2,40M","-12,37%"
"15.11.2021","262,700","279,400","281,100","259,800","1,16M","-5,98%"
"14.11.2021","279,400","257,700","279,400","248,800","1,36M","8,42%"
"13.11.2021","257,700","251,100","263,900","245,400","1,17M","2,51%"
"12.11.2021","251,400","262,500","282,600","244,100","2,41M","-4,23%"
"11.11.2021","262,500","260,500","273,900","251,100","1,67M","0,77%"
"10.11.2021","260,500","262,000","295,100","252,700","3,73M","-0,65%"
"09.11.2021","262,200","228,900","274,500","227,100","3,26M","14,55%"
"08.11.2021","228,900","202,000","229,600","202,000","1,38M","13,37%"
"07.11.2021","201,900","197,600","202,100","197,100","351,14K","2,18%"
"06.11.2021","197,600","200,275","200,350","191,200","420,64K","-1,34%"
"05.11.2021","200,279","202,736","203,073","199,856","14,50M","-1,22%"
"04.11.2021","202,746","206,654","206,754","197,071","27,93M","-1,89%"
"03.11.2021","206,654","200,316","208,425","198,256","33,53M","3,11%"
"02.11.2021","200,414","197,288","203,873","196,051","28,99M","1,59%"
"01.11.2021","197,278","191,716","200,268","188,785","26,97M","2,89%"
"31.10.2021","191,743","189,512","194,154","187,665","24,38M","1,16%"
"30.10.2021","189,552","196,498","196,884","187,507","26,75M","-3,54%"
"29.10.2021","196,498","190,319","197,694","189,190","31,30M","3,25%"
"28.10.2021","190,319","179,742","193,570","178,541","34,58M","5,92%"
"27.10.2021","179,685","197,549","204,809","171,370","46,43M","-9,03%"
"26.10.2021","197,530","195,430","199,280","190,362","56,89M","1,08%"
"25.10.2021","195,421","190,441","197,319","189,660","60,19M","2,62%"
"24.10.2021","190,441","196,350","199,685","185,411","68,54M","-3,01%"
"23.10.2021","196,350","191,020","197,741","189,011","64,41M","2,84%"
"22.10.2021","190,930","196,790","201,349","188,045","73,99M","-2,95%"
"21.10.2021","196,741","207,429","214,459","195,360","77,56M","-5,10%"
"20.10.2021","207,312","188,750","209,239","185,641","66,81M","9,83%"
"19.10.2021","188,750","185,541","191,549","183,303","66,09M","1,72%"
"18.10.2021","185,550","183,731","187,281","178,643","70,90M","0,99%"
"17.10.2021","183,730","185,770","187,860","176,626","63,75M","-1,03%"
"16.10.2021","185,641","189,717","192,500","185,133","72,42M","-2,16%"
"15.10.2021","189,746","181,115","192,839","176,840","72,77M","4,77%"
"14.10.2021","181,115","177,530","186,454","177,021","70,82M","2,02%"
"13.10.2021","177,530","172,699","179,640","167,840","70,22M","2,84%"
"12.10.2021","172,629","179,142","179,150","166,560","70,53M","-3,70%"
"11.10.2021","179,260","174,840","185,249","172,418","71,84M","2,53%"
"10.10.2021","174,840","179,820","183,879","174,170","68,19M","-2,76%"
"09.10.2021","179,810","175,741","182,770","174,474","65,21M","2,31%"
"08.10.2021","175,751","178,460","183,346","174,643","69,27M","-1,52%"
"07.10.2021","178,460","178,430","186,930","173,549","73,56M","0,01%"
"06.10.2021","178,438","173,741","182,968","163,952","70,11M","2,71%"
"05.10.2021","173,731","167,460","175,378","166,670","65,50M","3,63%"
"04.10.2021","167,639","170,549","170,770","161,679","67,61M","-1,68%"
"03.10.2021","170,499","169,050","174,921","165,862","67,25M","0,86%"
"02.10.2021","169,040","166,141","172,648","164,631","64,60M","1,75%"
"01.10.2021","166,130","153,330","167,981","151,250","64,93M","8,35%"
"30.09.2021","153,330","144,831","154,379","143,950","64,00M","5,85%"
"29.09.2021","144,850","140,619","149,863","139,921","65,73M","3,00%"
"28.09.2021","140,629","145,030","148,750","140,140","68,37M","-3,05%"
"27.09.2021","145,050","150,849","154,869","144,842","69,36M","-3,84%"
"26.09.2021","150,849","150,850","153,347","142,001","69,02M","-0,06%"
"25.09.2021","150,940","152,061","155,742","148,865","72,92M","-0,71%"
"24.09.2021","152,021","163,840","165,950","141,813","69,57M","-7,21%"
"23.09.2021","163,840","161,460","164,750","157,242","71,66M","1,47%"
"22.09.2021","161,460","148,448","161,761","145,370","70,05M","9,00%"
"21.09.2021","148,132","156,990","162,247","144,901","69,48M","-5,64%"
"20.09.2021","156,990","175,600","175,870","153,761","71,68M","-10,58%"
"19.09.2021","175,560","181,341","181,650","172,740","68,85M","-3,18%"
"18.09.2021","181,331","179,790","185,327","178,001","75,85M","0,85%"
"17.09.2021","179,810","185,249","190,288","178,001","83,63M","-2,94%"
"16.09.2021","185,251","189,060","195,130","181,574","93,44M","-1,97%"
"15.09.2021","188,971","183,046","191,758","179,760","75,58M","3,33%"
"14.09.2021","182,889","179,269","188,741","176,204","71,59M","2,02%"
"13.09.2021","179,269","183,239","233,814","170,921","42,90M","-2,17%"
"12.09.2021","183,239","178,530","185,941","175,221","40,61M","2,64%"
"11.09.2021","178,520","174,051","186,139","173,402","43,45M","2,57%"
"10.09.2021","174,041","180,300","187,327","170,917","43,16M","-3,47%"
"09.09.2021","180,300","179,673","188,492","177,104","42,55M","0,41%"
"08.09.2021","179,567","177,948","188,707","169,646","36,93M","0,91%"
"07.09.2021","177,948","219,402","221,827","163,417","41,09M","-18,90%"
"06.09.2021","219,420","231,530","232,270","215,002","54,30M","-5,23%"
"05.09.2021","231,530","212,020","232,171","210,473","52,80M","9,09%"
"04.09.2021","212,239","212,763","224,990","208,762","53,99M","-0,22%"
"03.09.2021","212,700","183,372","217,600","180,037","2,07M","15,91%"
"02.09.2021","183,500","180,841","187,891","179,500","683,37K","1,47%"
"01.09.2021","180,841","171,539","182,703","168,906","37,72M","5,45%"
"31.08.2021","171,490","167,349","175,252","165,740","36,13M","2,49%"
"30.08.2021","167,329","174,352","176,348","166,650","37,78M","-4,00%"
"29.08.2021","174,292","175,480","182,589","173,101","39,23M","-0,67%"
"28.08.2021","175,460","176,130","176,970","171,430","34,06M","-0,37%"
"27.08.2021","176,120","167,610","176,139","165,093","37,99M","5,08%"
"26.08.2021","167,610","177,820","180,130","165,037","40,91M","-5,75%"
"25.08.2021","177,839","173,511","178,869","169,329","46,00M","2,44%"
"24.08.2021","173,600","186,960","188,460","172,744","45,75M","-7,17%"
"23.08.2021","187,013","185,911","191,260","183,694","166,37K","0,58%"
"22.08.2021","185,929","179,697","189,548","178,689","49,53M","3,47%"
"21.08.2021","179,698","183,549","184,341","176,810","46,32M","-2,11%"
"20.08.2021","183,568","175,680","183,979","174,251","44,93M","4,49%"
"19.08.2021","175,680","166,701","175,777","162,752","43,78M","5,34%"
"18.08.2021","166,782","168,775","174,457","163,010","42,33M","-1,18%"
"17.08.2021","168,776","178,025","184,300","168,071","47,45M","-5,21%"
"16.08.2021","178,048","184,621","188,739","176,641","1,81M","-3,62%"
"15.08.2021","184,729","182,791","186,390","175,682","50,00M","1,10%"
"14.08.2021","182,710","183,270","184,955","175,200","944,59K","-0,31%"
"13.08.2021","183,270","165,352","184,410","164,135","45,52M","10,83%"
"12.08.2021","165,356","170,736","179,599","160,991","1,46M","-3,18%"
"11.08.2021","170,789","165,314","176,008","164,273","23,87M","3,30%"
"10.08.2021","165,332","166,401","168,149","158,860","23,59M","-0,67%"
"09.08.2021","166,441","149,672","170,487","145,347","23,85M","11,22%"
"08.08.2021","149,653","155,980","157,497","147,303","22,06M","-4,10%"
"07.08.2021","156,057","147,883","156,299","147,134","1,33M","5,61%"
"06.08.2021","147,771","143,514","150,672","141,774","19,45M","3,08%"
"05.08.2021","143,360","142,559","145,108","136,260","615,05K","0,54%"
"04.08.2021","142,588","138,364","144,449","135,680","18,62M","3,14%"
"03.08.2021","138,250","141,390","143,190","135,873","402,66K","-2,23%"
"02.08.2021","141,410","140,351","145,819","138,938","231,32K","0,75%"
"01.08.2021","140,350","144,093","149,710","138,384","20,14M","-3,00%"
"31.07.2021","144,691","145,556","146,478","141,891","18,53M","-0,61%"
"30.07.2021","145,580","141,290","145,751","135,948","18,93M","3,04%"
"29.07.2021","141,290","140,257","142,951","136,864","544,09K","0,99%"
"28.07.2021","139,900","134,747","141,929","132,671","728,40K","3,84%"
"27.07.2021","134,729","131,112","135,005","127,471","17,75M","2,77%"
"26.07.2021","131,094","127,709","140,323","126,979","19,30M","2,75%"
"25.07.2021","127,590","125,886","127,959","123,781","120,65K","1,64%"
"24.07.2021","125,531","124,153","127,399","123,842","15,64M","1,04%"
"23.07.2021","124,237","120,718","124,621","117,067","15,75M","2,91%"
"22.07.2021","120,718","117,689","121,995","115,679","15,73M","2,64%"
"21.07.2021","117,615","107,252","119,160","105,158","15,92M","9,64%"
"20.07.2021","107,270","113,102","115,025","104,049","766,19K","-5,15%"
"19.07.2021","113,098","119,163","120,681","111,865","16,46M","-5,10%"
"18.07.2021","119,172","119,870","124,019","116,409","15,75M","-0,58%"
"17.07.2021","119,870","120,594","122,818","117,702","608,60K","-0,60%"
"16.07.2021","120,594","125,653","127,786","120,430","16,88M","-4,02%"
"15.07.2021","125,642","131,059","133,078","122,066","17,13M","-4,13%"
"14.07.2021","131,056","131,420","132,388","124,070","17,68M","-0,27%"
"13.07.2021","131,410","133,391","134,592","129,540","17,68M","-1,51%"
"12.07.2021","133,424","134,160","139,678","132,006","18,63M","-0,55%"
"11.07.2021","134,160","133,990","136,417","132,089","162,24K","0,13%"
"10.07.2021","133,982","134,543","136,702","130,512","17,88M","-0,41%"
"09.07.2021","134,535","130,530","135,725","127,795","15,99M","3,07%"
"08.07.2021","130,530","137,403","137,698","127,904","13,56M","-4,99%"
"07.07.2021","137,390","138,910","142,908","136,957","13,82M","-1,10%"
"06.07.2021","138,913","137,700","142,669","135,704","13,31M","0,85%"
"05.07.2021","137,744","144,919","144,964","134,121","13,11M","-4,94%"
"04.07.2021","144,901","140,008","148,058","138,954","13,76M","3,50%"
"03.07.2021","140,008","136,841","141,232","134,661","12,01M","2,32%"
"02.07.2021","136,840","137,164","138,900","130,661","12,49M","-0,23%"
"01.07.2021","137,162","144,150","144,267","134,313","2,24M","-4,85%"
"30.06.2021","144,150","143,660","146,836","136,255","11,42M","0,34%"
"29.06.2021","143,660","137,676","149,127","137,277","897,75K","4,43%"
"28.06.2021","137,570","132,563","139,490","130,009","14,53M","3,84%"
"27.06.2021","132,482","126,821","132,619","124,713","14,12M","4,47%"
"26.06.2021","126,814","125,174","129,356","118,782","12,97M","1,28%"
"25.06.2021","125,213","134,549","138,384","124,375","14,51M","-6,94%"
"24.06.2021","134,548","128,966","137,142","123,752","14,14M","4,33%"
"23.06.2021","128,968","119,661","133,600","115,589","13,81M","7,87%"
"22.06.2021","119,557","124,524","132,875","105,117","16,18M","-4,16%"
"21.06.2021","124,743","154,862","155,416","124,068","15,67M","-19,42%"
"20.06.2021","154,799","152,599","156,109","143,829","15,35M","1,46%"
"19.06.2021","152,566","156,013","160,697","152,465","15,19M","-2,20%"
"18.06.2021","156,000","167,148","167,324","151,669","510,79K","-6,60%"
"17.06.2021","167,017","166,560","173,370","162,997","16,68M","0,28%"
"16.06.2021","166,559","175,110","177,193","164,615","18,48M","-4,95%"
"15.06.2021","175,224","179,862","181,109","172,326","20,00M","-2,60%"
"14.06.2021","179,893","170,893","179,991","166,415","19,32M","5,30%"
"13.06.2021","170,844","161,704","171,580","156,622","18,04M","5,70%"
"12.06.2021","161,633","162,849","164,204","154,248","18,43M","-0,74%"
"11.06.2021","162,833","168,024","173,750","160,621","16,76M","-3,09%"
"10.06.2021","168,024","172,466","174,272","162,261","23,17M","-2,51%"
"09.06.2021","172,355","160,652","173,048","152,487","26,91M","7,30%"
"08.06.2021","160,628","161,954","164,331","145,856","2,82M","-0,81%"
"07.06.2021","161,939","176,320","182,214","160,373","29,15M","-8,14%"
"06.06.2021","176,290","172,991","179,832","172,357","29,28M","1,91%"
"05.06.2021","172,990","178,615","185,398","167,796","29,03M","-3,15%"
"04.06.2021","178,609","192,950","193,741","169,494","28,10M","-7,43%"
"03.06.2021","192,950","187,207","197,602","182,244","1,08M","3,06%"
"02.06.2021","187,225","182,935","191,266","178,426","30,57M","2,35%"
"01.06.2021","182,932","188,058","193,118","176,016","27,63M","-2,78%"
"31.05.2021","188,169","170,466","188,357","163,671","27,31M","10,36%"
"30.05.2021","170,503","163,888","180,805","155,270","26,06M","4,28%"
"29.05.2021","163,501","177,328","188,459","157,841","26,59M","-7,78%"
"28.05.2021","177,296","193,632","198,774","165,643","24,24M","-8,26%"
"27.05.2021","193,255","198,901","208,583","180,561","29,85M","-2,78%"
"26.05.2021","198,791","183,812","203,898","179,817","28,17M","8,15%"
"25.05.2021","183,805","184,120","194,322","167,720","28,10M","-0,22%"
"24.05.2021","184,209","142,554","184,323","139,764","4,19M","29,23%"
"23.05.2021","142,545","169,429","176,245","118,471","35,86M","-15,86%"
"22.05.2021","169,416","179,920","184,367","162,309","101,97M","-5,92%"
"21.05.2021","180,075","211,770","218,596","156,734","169,66M","-14,97%"
"20.05.2021","211,770","186,390","224,669","166,696","4,27M","13,31%"
"19.05.2021","186,896","294,224","300,240","145,878","189,18M","-36,51%"
"18.05.2021","294,385","281,428","317,706","279,000","254,45M","4,67%"
"17.05.2021","281,264","296,310","296,310","262,362","225,05M","-5,04%"
"16.05.2021","296,201","299,781","323,780","279,880","258,54M","-1,10%"
"15.05.2021","299,500","326,359","331,683","296,966","262,08M","-8,19%"
"14.05.2021","326,210","317,710","338,828","308,445","287,96M","2,74%"
"13.05.2021","317,510","312,560","332,488","291,625","258,38M","5,02%"
"12.05.2021","302,330","377,380","393,938","302,330","2,52M","-19,88%"
"11.05.2021","377,369","359,183","379,478","345,199","333,25M","5,09%"
"10.05.2021","359,106","387,812","412,802","335,177","356,90M","-7,16%"
"09.05.2021","386,820","347,129","388,956","334,673","2,29M","11,47%"
"08.05.2021","347,030","345,199","356,507","334,242","325,56M","0,43%"
"07.05.2021","345,537","353,380","372,264","333,893","329,82M","-2,22%"
"06.05.2021","353,380","356,136","364,758","318,986","2,75M","-0,72%"
"05.05.2021","355,957","311,607","359,565","311,607","321,62M","16,58%"
"04.05.2021","305,328","294,540","324,327","271,934","264,49M","3,70%"
"03.05.2021","294,431","268,841","299,550","268,601","264,37M","9,51%"
"02.05.2021","268,860","276,760","277,399","264,913","250,31M","-2,85%"
"01.05.2021","276,750","271,150","278,468","266,024","255,01M","2,09%"
"30.04.2021","271,080","255,413","273,429","252,692","243,16M","6,15%"
"29.04.2021","255,379","258,501","262,620","248,831","3,13M","-1,31%"
"28.04.2021","258,757","259,732","266,424","248,212","227,60M","-0,41%"
"27.04.2021","259,830","247,504","263,067","243,842","236,85M","4,99%"
"26.04.2021","247,490","223,917","248,118","221,451","228,04M","10,70%"
"25.04.2021","223,570","224,941","235,340","211,328","928,52K","-0,72%"
"24.04.2021","225,197","241,429","241,429","220,646","212,21M","-6,71%"
"23.04.2021","241,399","252,997","257,108","207,384","206,15M","-4,58%"
"22.04.2021","252,999","257,635","289,448","239,902","243,18M","-1,89%"
"21.04.2021","257,870","260,548","276,490","250,907","240,64M","-1,19%"
"20.04.2021","260,978","261,214","272,537","234,720","234,92M","-0,13%"
"19.04.2021","261,307","273,485","281,516","250,549","246,69M","-4,49%"
"18.04.2021","273,603","301,084","304,464","231,866","236,97M","-9,08%"
"17.04.2021","300,927","308,274","335,268","298,309","4,40M","-2,35%"
"16.04.2021","308,174","285,696","316,194","265,892","257,36M","7,85%"
"15.04.2021","285,754","278,888","290,527","266,225","4,83M","2,64%"
"14.04.2021","278,408","267,400","282,926","255,643","250,63M","4,21%"
"13.04.2021","267,170","244,451","273,218","244,442","2,82M","9,20%"
"12.04.2021","244,655","252,463","258,890","240,174","249,40M","-3,06%"
"11.04.2021","252,375","256,269","263,420","245,026","6,32M","-1,52%"
"10.04.2021","256,269","220,830","256,367","219,220","242,78M","16,02%"
"09.04.2021","220,879","226,350","228,798","218,960","229,64M","-2,47%"
"08.04.2021","226,480","219,098","228,110","217,017","231,31M","3,43%"
"07.04.2021","218,974","236,686","242,829","211,000","238,65M","-7,54%"
"06.04.2021","236,827","221,468","244,508","213,207","243,94M","6,94%"
"05.04.2021","221,456","202,280","225,160","198,229","229,15M","9,47%"
"04.04.2021","202,291","195,209","204,659","192,371","204,40M","3,62%"
"03.04.2021","195,231","211,639","217,658","194,984","225,94M","-7,84%"
"02.04.2021","211,840","202,341","213,742","200,831","942,91K","4,69%"
"01.04.2021","202,352","196,671","204,670","194,240","201,89M","2,89%"
"31.03.2021","196,661","195,780","198,902","187,055","191,48M","0,45%"
"30.03.2021","195,771","193,742","199,931","190,301","174,96M","1,04%"
"29.03.2021","193,762","184,231","197,501","182,450","188,05M","5,17%"
"28.03.2021","184,239","184,079","187,268","180,069","177,86M","0,10%"
"27.03.2021","184,061","183,460","186,070","177,824","176,09M","0,36%"
"26.03.2021","183,401","171,549","183,783","171,490","166,74M","6,84%"
"25.03.2021","171,660","176,168","178,325","167,922","154,08M","-2,58%"
"24.03.2021","176,200","185,861","196,907","172,390","181,91M","-5,37%"
"23.03.2021","186,190","185,553","189,309","181,262","638,93K","0,30%"
"22.03.2021","185,639","195,320","198,718","184,685","188,33M","-4,99%"
"21.03.2021","195,380","200,079","201,799","192,138","188,01M","-2,31%"
"20.03.2021","199,991","199,989","206,098","198,910","196,51M","-0,14%"
"19.03.2021","200,276","199,739","204,969","195,855","177,88K","0,27%"
"18.03.2021","199,733","205,929","208,177","199,341","989,87K","-3,09%"
"17.03.2021","206,110","201,661","206,738","194,473","176,18M","2,19%"
"16.03.2021","201,698","200,505","205,037","191,631","128,92M","0,62%"
"15.03.2021","200,462","214,230","222,536","197,660","132,91M","-6,43%"
"14.03.2021","214,226","226,043","228,041","214,226","1,67M","-5,30%"
"13.03.2021","226,208","220,610","230,087","213,280","205,69M","2,54%"
"12.03.2021","220,610","201,351","224,220","198,590","2,08M","9,58%"
"11.03.2021","201,329","200,114","203,391","191,113","169,26M","0,60%"
"10.03.2021","200,133","203,731","207,857","191,631","183,88M","-1,78%"
"09.03.2021","203,751","191,779","204,888","189,310","162,66M","6,34%"
"08.03.2021","191,595","190,763","195,221","179,612","1,14M","0,44%"
"07.03.2021","190,759","182,839","192,096","182,233","146,54M","4,34%"
"06.03.2021","182,816","180,142","184,542","174,774","146,26M","1,48%"
"05.03.2021","180,142","180,669","183,540","168,671","153,39M","-0,29%"
"04.03.2021","180,657","187,684","194,404","177,061","173,56M","-3,81%"
"03.03.2021","187,812","179,061","196,097","176,955","163,81M","5,32%"
"02.03.2021","178,320","175,845","185,104","170,761","1,12M","1,33%"
"01.03.2021","175,978","165,148","176,499","163,371","141,79M","6,58%"
"28.02.2021","165,119","171,846","172,836","153,951","170,19M","-3,93%"
"27.02.2021","171,868","170,302","180,337","167,121","161,69M","1,09%"
"26.02.2021","170,020","179,243","182,625","162,870","2,18M","-5,29%"
"25.02.2021","179,507","181,528","205,052","175,183","204,30M","-1,10%"
"24.02.2021","181,499","177,591","189,385","169,287","199,81M","2,23%"
"23.02.2021","177,538","208,061","208,675","157,993","1,40M","-14,66%"
"22.02.2021","208,039","227,162","227,296","178,792","212,94M","-8,44%"
"21.02.2021","227,219","226,831","233,584","220,207","198,55M","-0,12%"
"20.02.2021","227,500","236,392","247,073","214,528","1,47M","-3,88%"
"19.02.2021","236,694","226,673","241,660","220,344","192,82M","4,46%"
"18.02.2021","226,580","237,348","238,938","220,793","200,40M","-4,42%"
"17.02.2021","237,066","210,468","237,439","203,616","214,05M","12,68%"
"16.02.2021","210,389","207,709","221,909","200,152","208,17M","1,29%"
"15.02.2021","207,709","213,649","219,821","185,652","221,53M","-2,75%"
"14.02.2021","213,589","226,009","230,445","208,422","217,96M","-5,47%"
"13.02.2021","225,942","196,589","228,816","191,730","236,46M","15,05%"
"12.02.2021","196,382","183,602","199,510","176,852","168,15M","6,87%"
"11.02.2021","183,757","181,650","193,365","175,917","164,63M","1,21%"
"10.02.2021","181,551","181,509","195,077","170,016","200,54M","0,06%"
"09.02.2021","181,442","167,283","184,283","164,397","160,46M","8,42%"
"08.02.2021","167,351","150,732","169,277","147,862","136,40M","11,03%"
"07.02.2021","150,731","155,572","157,220","145,275","130,21M","-3,00%"
"06.02.2021","155,393","155,055","164,031","149,978","142,45M","0,24%"
"05.02.2021","155,026","143,710","156,868","143,683","121,13M","7,87%"
"04.02.2021","143,710","155,929","158,212","142,984","128,83M","-7,84%"
"03.02.2021","155,941","141,972","156,106","141,972","132,28M","9,88%"
"02.02.2021","141,916","131,990","145,872","131,914","122,30M","7,47%"
"01.02.2021","132,049","129,401","136,547","126,002","109,98M","2,05%"
"31.01.2021","129,400","133,378","134,890","125,701","105,17M","-2,96%"
"30.01.2021","133,349","134,673","136,230","128,033","108,48M","-0,98%"
"29.01.2021","134,673","133,260","145,415","131,064","140,22M","1,09%"
"28.01.2021","133,217","122,439","135,801","120,933","113,51M","8,80%"
"27.01.2021","122,440","134,682","134,908","118,291","109,78M","-9,11%"
"26.01.2021","134,709","137,143","139,706","128,372","85,25M","-1,75%"
"25.01.2021","137,110","141,008","147,608","136,652","90,83M","-2,74%"
"24.01.2021","140,970","137,650","142,620","133,811","80,37M","2,42%"
"23.01.2021","137,642","137,660","143,460","135,080","114,54M","-0,13%"
"22.01.2021","137,821","129,770","141,810","122,881","350,07M","6,39%"
"21.01.2021","129,542","149,720","150,219","125,723","382,38M","-13,47%"
"20.01.2021","149,710","151,872","156,131","138,472","384,74M","-1,44%"
"19.01.2021","151,893","152,030","166,052","150,254","365,45M","-0,04%"
"18.01.2021","151,949","142,878","154,896","138,540","316,05M","6,35%"
"17.01.2021","142,881","143,541","146,948","136,371","325,28M","-0,45%"
"16.01.2021","143,531","143,770","152,558","139,401","344,24M","-0,17%"
"15.01.2021","143,772","152,548","155,621","130,560","387,07M","-5,79%"
"14.01.2021","152,611","147,381","156,862","143,742","334,66M","3,58%"
"13.01.2021","147,340","133,418","148,419","126,005","356,74M","10,46%"
"12.01.2021","133,390","138,889","146,727","128,189","468,78M","-4,01%"
"11.01.2021","138,968","170,201","170,548","112,897","705,72M","-18,33%"
"10.01.2021","170,162","177,187","185,671","162,100","453,61M","-3,96%"
"09.01.2021","177,179","172,229","178,696","163,388","393,49M","2,91%"
"08.01.2021","172,169","169,382","181,849","150,063","514,38M","1,56%"
"07.01.2021","169,531","168,875","181,041","162,204","423,00M","0,45%"
"06.01.2021","168,764","158,556","169,643","155,038","366,22M","6,52%"
"05.01.2021","158,432","155,461","162,548","146,542","383,44M","1,87%"
"04.01.2021","155,518","161,310","173,625","140,003","519,23M","-3,50%"
"03.01.2021","161,151","136,932","164,398","135,401","394,35M","17,82%"
"02.01.2021","136,781","126,232","140,646","123,153","283,31M","8,30%"
"01.01.2021","126,302","124,162","133,919","122,943","257,82M","1,72%"
"31.12.2020","124,162","130,088","130,340","122,005","232,21M","-4,52%"
"30.12.2020","130,036","128,798","132,996","122,959","275,55M","1,00%"
"29.12.2020","128,751","129,829","130,907","120,059","288,18M","-0,82%"
"28.12.2020","129,822","127,880","137,210","126,464","311,09M","1,57%"
"27.12.2020","127,812","129,657","139,408","122,448","367,21M","-1,39%"
"26.12.2020","129,620","127,615","135,126","125,069","314,65M","1,55%"
"25.12.2020","127,643","111,281","128,519","108,353","283,85M","14,69%"
"24.12.2020","111,291","102,371","112,318","98,713","286,68M","8,59%"
"23.12.2020","102,488","114,308","117,155","95,362","333,88M","-10,45%"
"22.12.2020","114,450","104,433","114,540","98,504","288,42M","9,61%"
"21.12.2020","104,412","114,603","118,540","100,996","293,55M","-8,91%"
"20.12.2020","114,631","119,867","123,151","110,057","280,20M","-4,35%"
"19.12.2020","119,840","109,331","124,044","105,342","245,57M","9,59%"
"18.12.2020","109,351","101,108","112,765","99,253","274,52M","8,11%"
"17.12.2020","101,149","92,903","109,878","90,609","272,51M","8,61%"
"16.12.2020","93,134","81,361","93,237","78,596","166,11M","14,51%"
"15.12.2020","81,333","82,366","84,875","80,453","153,50M","-1,25%"
"14.12.2020","82,361","82,246","82,963","79,164","151,61M","0,05%"
"13.12.2020","82,323","76,675","84,386","75,525","141,71M","7,39%"
"12.12.2020","76,656","72,219","77,555","72,092","131,72M","6,20%"
"11.12.2020","72,181","74,868","75,065","70,010","130,68M","-3,29%"
"10.12.2020","74,633","77,360","77,621","73,252","133,71M","-3,57%"
"09.12.2020","77,397","76,746","78,122","72,169","154,33M","0,82%"
"08.12.2020","76,765","83,395","84,810","75,512","153,24M","-7,96%"
"07.12.2020","83,404","83,577","86,787","81,746","148,20M","-0,20%"
"06.12.2020","83,574","83,146","85,155","80,382","141,43M","0,50%"
"05.12.2020","83,154","79,425","84,211","78,644","153,25M","4,50%"
"04.12.2020","79,574","88,993","89,806","78,000","167,72M","-10,61%"
"03.12.2020","89,023","88,971","91,255","85,474","172,66M","0,03%"
"02.12.2020","88,998","85,161","90,579","82,890","209,07M","4,59%"
"01.12.2020","85,089","87,617","92,881","79,721","252,33M","-2,94%"
"30.11.2020","87,664","78,945","88,519","76,950","181,16M","11,11%"
"29.11.2020","78,901","72,676","81,045","71,528","170,01M","8,55%"
"28.11.2020","72,683","69,167","74,882","68,310","159,60M","5,11%"
"27.11.2020","69,147","70,980","73,508","65,490","183,09M","-2,53%"
"26.11.2020","70,939","81,743","83,196","64,511","254,54M","-13,25%"
"25.11.2020","81,772","89,272","90,738","78,143","199,55M","-8,36%"
"24.11.2020","89,231","89,060","93,952","85,525","233,15M","0,15%"
"23.11.2020","89,098","82,831","90,843","80,976","218,88M","7,50%"
"22.11.2020","82,883","87,190","87,948","77,987","200,03M","-4,90%"
"21.11.2020","87,149","82,579","88,379","80,488","8,26M","5,63%"
"20.11.2020","82,505","81,520","85,518","80,101","8,70M","1,20%"
"19.11.2020","81,527","73,354","83,186","71,489","9,07M","11,11%"
"18.11.2020","73,376","76,225","77,061","68,289","9,78M","-3,93%"
"17.11.2020","76,375","73,751","76,961","71,414","8,21M","3,62%"
"16.11.2020","73,705","62,308","74,613","62,084","10,44M","18,25%"
"15.11.2020","62,332","63,799","64,447","61,045","9,45M","-2,28%"
"14.11.2020","63,787","65,923","66,326","61,690","7,82M","-3,23%"
"13.11.2020","65,913","60,755","66,668","60,149","10,23M","8,51%"
"12.11.2020","60,744","59,224","60,744","57,593","7,25M","2,40%"
"11.11.2020","59,320","57,939","60,546","57,756","8,68M","2,55%"
"10.11.2020","57,843","59,252","59,611","57,082","6,95M","-2,34%"
"09.11.2020","59,232","61,005","61,869","57,424","7,51M","-2,94%"
"08.11.2020","61,027","58,862","61,992","58,565","5,92M","3,69%"
"07.11.2020","58,856","63,260","64,761","57,152","9,12M","-6,77%"
"06.11.2020","63,130","58,892","63,659","58,611","7,77M","7,07%"
"05.11.2020","58,961","54,632","59,669","54,581","8,33M","7,98%"
"04.11.2020","54,603","53,892","55,223","51,585","9,08M","1,33%"
"03.11.2020","53,888","53,769","54,393","51,502","9,66M","0,14%"
"02.11.2020","53,815","55,572","56,815","53,086","13,82M","-3,27%"
"01.11.2020","55,636","55,732","56,223","54,131","7,27M","-0,17%"
"31.10.2020","55,730","54,037","56,449","53,594","7,31M","3,16%"
"30.10.2020","54,023","54,969","55,781","52,281","8,10M","-1,66%"
"29.10.2020","54,937","55,752","56,541","53,425","9,75M","-1,61%"
"28.10.2020","55,838","57,894","60,568","54,715","9,67M","-3,50%"
"27.10.2020","57,861","56,848","59,103","56,445","12,08M","1,82%"
"26.10.2020","56,826","58,852","59,330","55,076","12,76M","-3,44%"
"25.10.2020","58,852","59,266","60,025","56,560","14,02M","-0,69%"
"24.10.2020","59,263","55,431","59,610","54,818","13,89M","6,91%"
"23.10.2020","55,431","54,348","56,964","53,112","11,95M","2,00%"
"22.10.2020","54,346","52,956","56,267","52,956","10,32M","2,52%"
"21.10.2020","53,012","46,905","54,977","46,851","13,47M","13,02%"
"20.10.2020","46,905","48,015","48,446","46,450","8,44M","-2,28%"
"19.10.2020","47,997","47,549","48,453","46,791","6,96M","1,00%"
"18.10.2020","47,520","46,948","47,869","46,791","30,58M","1,18%"
"17.10.2020","46,968","47,586","47,644","46,331","20,21M","-1,29%"
"16.10.2020","47,581","49,557","49,857","45,624","9,54M","-3,97%"
"15.10.2020","49,549","49,833","50,204","48,871","15,54M","-0,53%"
"14.10.2020","49,814","49,894","50,987","49,279","10,68M","-0,15%"
"13.10.2020","49,892","50,605","50,682","48,851","8,48M","-1,41%"
"12.10.2020","50,605","50,506","51,515","49,336","11,75M","0,30%"
"11.10.2020","50,455","48,888","51,243","48,661","12,34M","3,26%"
"10.10.2020","48,861","47,761","50,549","47,743","16,43M","2,25%"
"09.10.2020","47,787","47,198","48,205","46,601","9,94M","1,30%"
"08.10.2020","47,172","46,569","47,467","45,512","11,62M","1,23%"
"07.10.2020","46,596","45,982","46,927","45,009","11,63M","1,34%"
"06.10.2020","45,982","46,332","48,267","45,550","15,51M","-0,77%"
"05.10.2020","46,340","46,663","47,056","45,532","13,47M","-0,78%"
"04.10.2020","46,707","45,492","47,029","45,272","11,30M","2,61%"
"03.10.2020","45,518","44,917","45,976","44,726","9,79M","1,39%"
"02.10.2020","44,892","46,237","46,959","43,299","10,49M","-2,99%"
"01.10.2020","46,276","46,266","48,477","45,324","14,41M","0,04%"
"30.09.2020","46,258","45,697","46,714","45,423","10,93M","1,23%"
"29.09.2020","45,697","45,195","45,857","44,953","11,04M","1,00%"
"28.09.2020","45,246","46,042","47,120","44,851","10,51M","-1,81%"
"27.09.2020","46,078","46,019","46,538","44,582","19,53M","0,07%"
"26.09.2020","46,047","46,002","46,540","45,179","18,32M","0,05%"
"25.09.2020","46,025","44,947","46,556","43,962","8,88M","2,40%"
"24.09.2020","44,947","42,978","45,182","42,582","14,85M","4,65%"
"23.09.2020","42,950","44,453","45,130","42,310","7,59M","-3,43%"
"22.09.2020","44,478","43,148","44,787","42,792","10,24M","3,08%"
"21.09.2020","43,147","47,118","47,656","41,932","10,77M","-8,35%"
"20.09.2020","47,076","48,492","48,527","46,201","9,82M","-2,92%"
"19.09.2020","48,492","48,539","48,989","47,952","10,23M","-0,13%"
"18.09.2020","48,557","48,832","49,067","47,529","10,95M","-0,62%"
"17.09.2020","48,858","47,762","49,542","47,629","8,62M","2,36%"
"16.09.2020","47,730","48,294","48,734","46,997","9,69M","-1,21%"
"15.09.2020","48,316","49,114","50,280","48,127","8,99M","-1,56%"
"14.09.2020","49,081","48,153","49,618","47,133","10,63M","1,92%"
"13.09.2020","48,156","50,833","51,020","47,316","9,46M","-5,26%"
"12.09.2020","50,828","48,927","51,309","48,374","14,21M","3,88%"
"11.09.2020","48,927","48,669","49,395","47,430","12,74M","0,53%"
"10.09.2020","48,669","47,833","49,429","47,785","13,86M","1,75%"
"09.09.2020","47,834","47,460","48,815","46,540","12,84M","0,79%"
"08.09.2020","47,458","48,839","49,337","46,035","15,52M","-2,83%"
"07.09.2020","48,839","47,910","49,137","45,262","14,21M","1,93%"
"06.09.2020","47,914","47,812","49,137","46,303","13,79M","0,21%"
"05.09.2020","47,812","50,364","51,241","45,562","17,37M","-5,05%"
"04.09.2020","50,353","47,470","52,364","46,612","16,21M","6,13%"
"03.09.2020","47,444","58,060","58,600","45,646","16,63M","-18,32%"
"02.09.2020","58,087","62,697","63,168","56,658","14,91M","-7,40%"
"01.09.2020","62,730","60,957","64,273","59,857","13,69M","2,91%"
"31.08.2020","60,957","62,870","63,677","60,588","14,61M","-3,04%"
"30.08.2020","62,870","56,952","62,883","56,931","14,95M","10,39%"
"29.08.2020","56,952","57,410","58,188","56,952","11,65M","-0,80%"
"28.08.2020","57,412","56,083","58,184","55,334","13,96M","2,38%"
"27.08.2020","56,076","58,087","59,232","54,046","12,69M","-3,46%"
"26.08.2020","58,087","58,347","59,062","57,028","11,47M","-0,45%"
"25.08.2020","58,349","62,090","62,292","56,687","13,87M","-6,03%"
"24.08.2020","62,092","60,546","62,987","59,973","12,77M","2,57%"
"23.08.2020","60,537","60,228","61,605","58,051","12,58M","0,51%"
"22.08.2020","60,228","59,181","60,497","57,789","12,52M","1,82%"
"21.08.2020","59,152","62,783","63,871","58,815","16,34M","-5,78%"
"20.08.2020","62,783","62,104","63,541","61,024","14,91M","1,09%"
"19.08.2020","62,105","65,447","67,108","58,961","17,51M","-5,11%"
"18.08.2020","65,450","67,199","68,354","63,636","20,15M","-2,60%"
"17.08.2020","67,198","63,881","68,877","61,552","20,20M","5,19%"
"16.08.2020","63,880","59,822","64,552","58,156","19,19M","6,70%"
"15.08.2020","59,868","56,679","60,593","56,600","18,73M","5,63%"
"14.08.2020","56,679","57,135","57,726","55,917","13,35M","-0,80%"
"13.08.2020","57,133","54,517","57,284","51,951","16,02M","4,80%"
"12.08.2020","54,516","54,102","55,018","51,726","15,00M","0,76%"
"11.08.2020","54,102","58,281","59,668","52,484","14,13M","-7,17%"
"10.08.2020","58,281","56,949","59,390","56,690","11,36M","2,34%"
"09.08.2020","56,949","58,445","58,667","56,098","5,79M","-2,56%"
"08.08.2020","58,446","57,186","58,531","56,489","6,58M","2,20%"
"07.08.2020","57,186","59,043","60,995","55,082","10,73M","-3,15%"
"06.08.2020","59,044","58,864","60,633","57,704","11,63M","0,31%"
"05.08.2020","58,864","57,601","59,760","56,885","10,76M","2,19%"
"04.08.2020","57,601","58,488","59,569","56,531","10,28M","-1,51%"
"03.08.2020","58,485","56,766","60,002","55,891","11,49M","3,04%"
"02.08.2020","56,760","61,637","65,098","52,585","20,58M","-7,91%"
"01.08.2020","61,637","58,160","62,217","57,561","16,69M","5,99%"
"31.07.2020","58,156","56,738","59,207","55,799","12,08M","2,50%"
"30.07.2020","56,737","55,170","58,529","53,987","17,69M","2,85%"
"29.07.2020","55,166","55,754","56,966","54,972","13,08M","-1,06%"
"28.07.2020","55,756","53,263","57,706","51,794","17,79M","4,69%"
"27.07.2020","53,258","48,072","55,630","47,001","19,59M","10,79%"
"26.07.2020","48,073","49,154","50,738","47,690","16,21M","-2,20%"
"25.07.2020","49,153","44,100","49,503","44,038","13,62M","11,46%"
"24.07.2020","44,100","44,939","44,959","43,951","6,61M","-1,87%"
"23.07.2020","44,939","44,984","45,644","44,522","10,99M","-0,10%"
"22.07.2020","44,983","43,786","45,090","43,206","7,85M","2,74%"
"21.07.2020","43,785","41,954","44,079","41,880","7,20M","4,37%"
"20.07.2020","41,954","42,633","42,802","41,486","6,78M","-1,62%"
"19.07.2020","42,647","42,468","42,884","41,840","6,69M","0,42%"
"18.07.2020","42,468","41,892","42,848","41,749","7,35M","1,38%"
"17.07.2020","41,892","42,081","42,464","41,723","8,70M","-0,45%"
"16.07.2020","42,081","43,350","43,501","40,967","9,11M","-2,93%"
"15.07.2020","43,350","43,896","44,070","42,900","9,51M","-1,24%"
"14.07.2020","43,896","43,943","44,045","42,859","17,61M","-0,06%"
"13.07.2020","43,922","44,737","45,586","42,741","24,85M","-1,82%"
"12.07.2020","44,737","44,696","45,251","43,745","23,41M","0,09%"
"11.07.2020","44,697","44,307","44,770","43,891","10,64M","0,88%"
"10.07.2020","44,307","44,367","44,595","43,486","11,40M","-0,14%"
"09.07.2020","44,368","45,333","45,866","43,587","11,85M","-2,16%"
"08.07.2020","45,348","43,364","45,599","43,074","13,32M","4,57%"
"07.07.2020","43,364","44,097","44,419","43,070","7,40M","-1,65%"
"06.07.2020","44,093","41,657","44,208","41,523","10,93M","5,85%"
"05.07.2020","41,657","42,077","42,166","40,812","5,62M","-1,00%"
"04.07.2020","42,077","41,211","42,172","41,120","5,75M","2,10%"
"03.07.2020","41,212","41,050","41,678","40,911","6,22M","0,39%"
"02.07.2020","41,050","41,728","41,900","40,391","7,11M","-1,63%"
"01.07.2020","41,728","41,194","41,964","41,016","6,19M","1,29%"
"30.06.2020","41,196","41,842","42,015","40,818","6,60M","-1,53%"
"29.06.2020","41,837","41,396","42,243","40,647","7,53M","1,07%"
"28.06.2020","41,396","41,077","42,013","40,474","6,89M","0,77%"
"27.06.2020","41,078","43,068","43,102","39,323","7,53M","-4,62%"
"26.06.2020","43,070","42,336","43,517","41,435","10,30M","1,72%"
"25.06.2020","42,341","42,625","42,982","41,795","7,73M","-0,67%"
"24.06.2020","42,625","44,167","44,648","42,219","9,24M","-3,50%"
"23.06.2020","44,171","44,292","44,486","43,907","4,65M","-0,27%"
"22.06.2020","44,292","42,996","44,634","42,943","7,06M","3,01%"
"21.06.2020","42,996","43,588","43,822","42,889","5,23M","-1,36%"
"20.06.2020","43,590","42,887","43,853","42,367","5,93M","1,64%"
"19.06.2020","42,887","43,444","43,676","42,740","4,66M","-1,28%"
"18.06.2020","43,444","44,080","44,210","42,871","6,38M","-1,45%"
"17.06.2020","44,083","43,868","44,705","43,085","8,15M","0,48%"
"16.06.2020","43,873","43,752","44,171","43,413","9,32M","0,28%"
"15.06.2020","43,752","44,047","44,073","41,858","11,28M","-0,65%"
"14.06.2020","44,039","45,107","45,118","43,602","7,30M","-2,36%"
"13.06.2020","45,104","44,742","45,183","44,304","7,81M","0,81%"
"12.06.2020","44,742","43,262","45,335","42,832","9,90M","3,44%"
"11.06.2020","43,252","46,657","46,927","42,161","12,48M","-7,29%"
"10.06.2020","46,653","45,880","47,051","45,674","9,30M","1,70%"
"09.06.2020","45,873","46,405","46,785","45,401","8,41M","-1,14%"
"08.06.2020","46,404","46,638","46,761","45,968","10,02M","-0,50%"
"07.06.2020","46,638","46,795","46,981","45,191","10,71M","-0,33%"
"06.06.2020","46,794","46,832","47,214","46,254","9,61M","-0,08%"
"05.06.2020","46,833","47,437","47,952","46,619","11,37M","-1,28%"
"04.06.2020","47,440","47,150","48,077","46,424","12,18M","0,62%"
"03.06.2020","47,149","46,016","47,493","45,331","12,43M","2,46%"
"02.06.2020","46,018","48,206","49,930","44,754","16,38M","-4,53%"
"01.06.2020","48,201","45,611","48,579","45,375","10,40M","5,68%"
"31.05.2020","45,611","47,730","47,790","45,182","12,40M","-4,47%"
"30.05.2020","47,746","44,502","48,011","44,208","13,38M","7,29%"
"29.05.2020","44,503","44,723","45,267","44,233","10,43M","-0,49%"
"28.05.2020","44,723","43,847","44,868","43,177","10,01M","2,00%"
"27.05.2020","43,847","42,274","43,991","42,231","9,38M","3,75%"
"26.05.2020","42,263","42,981","43,058","41,842","8,26M","-1,67%"
"25.05.2020","42,981","42,147","43,263","41,831","5,98M","1,97%"
"24.05.2020","42,152","43,874","44,533","42,152","9,73M","-3,93%"
"23.05.2020","43,875","44,203","44,735","43,705","8,00M","-0,76%"
"22.05.2020","44,210","42,931","44,643","42,391","10,41M","2,98%"
"21.05.2020","42,930","44,229","44,596","41,733","12,04M","-2,92%"
"20.05.2020","44,220","45,714","46,131","43,362","11,74M","-3,29%"
"19.05.2020","45,726","45,313","45,764","44,183","11,88M","0,91%"
"18.05.2020","45,313","43,670","46,503","43,655","16,79M","3,76%"
"17.05.2020","43,672","43,260","44,465","43,103","13,48M","0,94%"
"16.05.2020","43,264","42,737","43,863","42,512","12,69M","1,24%"
"15.05.2020","42,732","43,981","44,150","42,183","11,70M","-2,84%"
"14.05.2020","43,982","43,179","44,356","42,344","12,72M","1,86%"
"13.05.2020","43,178","42,184","43,735","41,959","10,54M","2,36%"
"12.05.2020","42,184","41,542","42,793","41,334","12,79M","1,37%"
"11.05.2020","41,613","42,101","42,849","39,575","15,36M","-1,19%"
"10.05.2020","42,115","47,019","47,019","39,993","18,60M","-10,43%"
"09.05.2020","47,020","47,711","49,088","46,951","10,08M","-1,48%"
"08.05.2020","47,725","47,364","48,398","46,390","10,76M","0,79%"
"07.05.2020","47,353","44,960","48,160","44,551","13,60M","5,31%"
"06.05.2020","44,963","46,549","47,526","44,822","10,17M","-3,41%"
"05.05.2020","46,549","46,971","47,736","45,826","8,21M","-0,90%"
"04.05.2020","46,971","48,049","48,159","45,236","13,18M","-2,29%"
"03.05.2020","48,073","49,214","49,929","46,847","13,38M","-2,32%"
"02.05.2020","49,212","47,089","49,529","46,774","11,06M","4,51%"
"01.05.2020","47,086","46,390","48,221","46,365","10,80M","1,48%"
"30.04.2020","46,400","48,805","50,800","45,859","14,83M","-4,92%"
"29.04.2020","48,802","45,732","49,844","45,710","18,11M","6,71%"
"28.04.2020","45,734","44,460","46,020","43,434","13,73M","2,87%"
"27.04.2020","44,460","44,565","45,190","43,240","21,97M","-0,24%"
"26.04.2020","44,566","44,376","45,370","43,861","23,95M","0,32%"
"25.04.2020","44,423","44,426","45,578","43,891","20,91M","-0,09%"
"24.04.2020","44,463","42,970","44,920","42,841","19,24M","3,49%"
"23.04.2020","42,965","41,818","43,876","41,003","23,77M","2,74%"
"22.04.2020","41,819","40,590","42,263","40,285","16,84M","3,03%"
"21.04.2020","40,589","40,229","41,280","40,038","15,12M","0,93%"
"20.04.2020","40,214","42,246","43,203","39,638","21,80M","-4,79%"
"19.04.2020","42,236","44,142","44,265","41,901","15,51M","-4,31%"
"18.04.2020","44,137","42,190","44,400","42,059","9,75M","4,58%"
"17.04.2020","42,206","42,547","42,983","41,640","8,90M","-0,80%"
"16.04.2020","42,547","39,336","43,549","38,012","12,58M","8,14%"
"15.04.2020","39,346","41,253","41,700","39,235","9,19M","-4,62%"
"14.04.2020","41,253","41,199","41,826","40,528","9,76M","0,13%"
"13.04.2020","41,199","42,020","42,030","39,763","18,78M","-1,96%"
"12.04.2020","42,021","42,531","43,559","41,857","12,09M","-1,20%"
"11.04.2020","42,532","42,270","43,136","41,488","10,71M","0,62%"
"10.04.2020","42,270","46,275","46,449","40,957","16,45M","-8,66%"
"09.04.2020","46,278","46,542","46,861","44,924","11,47M","-0,57%"
"08.04.2020","46,542","44,882","47,250","44,348","11,65M","3,69%"
"07.04.2020","44,885","45,008","47,605","43,864","12,25M","-0,28%"
"06.04.2020","45,011","40,342","45,014","40,307","18,09M","11,57%"
"05.04.2020","40,342","40,709","40,988","39,948","10,59M","-0,90%"
"04.04.2020","40,709","40,476","41,073","40,009","12,54M","0,53%"
"03.04.2020","40,493","39,906","41,238","39,682","14,52M","1,50%"
"02.04.2020","39,895","39,215","42,712","38,443","23,08M","1,74%"
"01.04.2020","39,214","39,058","39,429","37,200","21,16M","0,35%"
"31.03.2020","39,078","38,924","39,562","38,414","20,82M","0,40%"
"30.03.2020","38,923","37,194","39,605","37,180","17,05M","4,68%"
"29.03.2020","37,185","38,848","39,101","37,117","7,79M","-4,29%"
"28.03.2020","38,851","38,059","39,391","36,675","11,48M","2,09%"
"27.03.2020","38,056","40,412","41,131","38,003","9,22M","-5,83%"
"26.03.2020","40,413","39,181","40,444","38,517","8,58M","3,14%"
"25.03.2020","39,181","40,575","40,946","38,209","9,14M","-3,43%"
"24.03.2020","40,573","39,050","40,952","38,284","9,97M","3,90%"
"23.03.2020","39,051","35,429","39,770","34,839","12,43M","10,22%"
"22.03.2020","35,431","38,347","39,661","35,001","11,16M","-7,60%"
"21.03.2020","38,347","38,046","39,751","36,468","11,98M","0,79%"
"20.03.2020","38,045","38,976","43,486","34,473","18,67M","-2,38%"
"19.03.2020","38,974","34,709","40,566","34,033","16,87M","12,30%"
"18.03.2020","34,706","34,172","34,786","32,417","13,48M","1,53%"
"17.03.2020","34,184","33,134","35,779","32,536","14,09M","3,19%"
"16.03.2020","33,127","36,391","36,391","29,447","20,03M","-8,97%"
"15.03.2020","36,392","34,435","38,528","34,071","12,73M","5,67%"
"14.03.2020","34,440","37,556","37,637","33,872","14,03M","-8,29%"
"13.03.2020","37,552","29,852","39,837","24,353","40,42M","25,85%"
"12.03.2020","29,839","48,553","48,744","28,955","31,69M","-38,54%"
"11.03.2020","48,550","50,203","50,716","45,646","10,46M","-3,28%"
"10.03.2020","50,197","50,497","51,362","49,063","9,85M","-0,62%"
"09.03.2020","50,507","50,974","52,204","46,751","16,44M","-0,89%"
"08.03.2020","50,960","60,454","60,456","50,787","11,83M","-15,70%"
"07.03.2020","60,454","63,203","63,813","60,089","7,58M","-4,36%"
"06.03.2020","63,211","62,065","63,784","61,260","8,76M","1,86%"
"05.03.2020","62,057","60,346","63,188","60,346","9,15M","2,84%"
"04.03.2020","60,345","61,011","61,737","58,891","7,77M","-1,09%"
"03.03.2020","61,011","61,416","62,340","59,564","9,41M","-0,66%"
"02.03.2020","61,415","57,750","62,270","57,334","10,71M","6,31%"
"01.03.2020","57,768","58,078","60,217","56,293","9,85M","-0,53%"
"29.02.2020","58,078","59,904","61,582","58,062","8,87M","-3,05%"
"28.02.2020","59,904","61,672","63,302","56,953","13,75M","-2,87%"
"27.02.2020","61,671","60,589","64,980","57,313","15,07M","1,79%"
"26.02.2020","60,589","71,056","72,120","57,913","18,33M","-14,72%"
"25.02.2020","71,045","75,579","75,969","69,882","11,89M","-6,00%"
"24.02.2020","75,579","79,673","79,678","71,906","13,52M","-5,18%"
"23.02.2020","79,706","74,817","79,920","74,722","11,93M","6,53%"
"22.02.2020","74,818","73,288","76,642","72,422","11,56M","2,08%"
"21.02.2020","73,291","69,455","75,161","68,633","12,13M","5,52%"
"20.02.2020","69,455","70,782","72,339","66,495","12,45M","-1,87%"
"19.02.2020","70,782","77,173","79,041","68,264","12,10M","-8,28%"
"18.02.2020","77,173","73,357","78,911","70,217","10,64M","5,22%"
"17.02.2020","73,341","74,867","75,411","68,653","12,14M","-2,04%"
"16.02.2020","74,866","76,744","80,681","67,961","15,15M","-2,44%"
"15.02.2020","76,741","82,959","83,359","75,182","11,58M","-7,50%"
"14.02.2020","82,965","80,597","83,619","78,772","8,69M","2,93%"
"13.02.2020","80,601","81,194","84,086","77,481","13,61M","-0,73%"
"12.02.2020","81,190","76,524","82,741","76,507","10,96M","6,10%"
"11.02.2020","76,524","74,095","77,351","72,730","8,05M","3,27%"
"10.02.2020","74,100","77,023","77,426","72,362","9,46M","-3,80%"
"09.02.2020","77,023","76,613","78,372","75,148","7,52M","0,53%"
"08.02.2020","76,613","74,338","77,760","71,638","9,38M","3,06%"
"07.02.2020","74,338","73,594","75,420","72,663","8,35M","1,01%"
"06.02.2020","73,594","72,566","75,007","70,970","9,75M","1,42%"
"05.02.2020","72,563","68,067","73,382","67,668","8,84M","6,61%"
"04.02.2020","68,063","69,705","70,452","68,063","7,19M","-2,36%"
"03.02.2020","69,705","69,959","72,878","68,586","8,88M","-0,35%"
"02.02.2020","69,953","70,751","73,344","67,924","10,55M","-1,13%"
"01.02.2020","70,751","68,041","72,714","67,684","12,07M","3,98%"
"31.01.2020","68,044","67,967","69,762","65,535","12,17M","0,11%"
"30.01.2020","67,969","59,816","70,141","58,338","14,45M","13,63%"
"29.01.2020","59,817","60,554","62,387","59,491","7,98M","-1,21%"
"28.01.2020","60,549","58,574","61,551","57,468","9,03M","3,37%"
"27.01.2020","58,574","56,255","59,546","55,963","7,60M","4,12%"
"26.01.2020","56,255","53,269","56,395","52,919","5,43M","5,60%"
"25.01.2020","53,272","54,390","54,397","52,405","5,06M","-2,06%"
"24.01.2020","54,390","54,485","55,364","50,870","8,02M","-0,17%"
"23.01.2020","54,484","58,311","58,363","52,736","7,37M","-6,56%"
"22.01.2020","58,309","57,597","59,175","57,229","4,25M","1,24%"
"21.01.2020","57,597","57,200","58,084","56,066","4,50M","0,70%"
"20.01.2020","57,200","57,670","58,223","55,880","5,47M","-0,84%"
"19.01.2020","57,681","59,285","62,314","55,804","8,51M","-2,71%"
"18.01.2020","59,290","61,064","62,391","58,083","8,30M","-2,91%"
"17.01.2020","61,064","57,630","63,189","56,786","10,61M","5,96%"
"16.01.2020","57,632","58,184","58,463","54,932","8,17M","-0,94%"
"15.01.2020","58,180","58,535","58,535","55,378","11,65M","-0,61%"
"14.01.2020","58,539","49,594","60,711","49,590","15,70M","18,04%"
"13.01.2020","49,591","51,386","51,493","48,968","6,31M","-3,49%"
"12.01.2020","51,383","49,436","51,541","48,878","7,54M","3,93%"
"11.01.2020","49,438","49,050","51,859","47,964","9,34M","0,80%"
"10.01.2020","49,044","44,779","49,622","43,835","9,45M","9,51%"
"09.01.2020","44,784","45,375","45,788","43,978","6,20M","-1,30%"
"08.01.2020","45,374","46,397","48,446","44,345","9,59M","-2,21%"
"07.01.2020","46,400","45,778","46,654","44,631","9,54M","1,36%"
"06.01.2020","45,778","43,456","45,778","43,316","8,13M","5,34%"
"05.01.2020","43,458","42,855","43,458","42,727","7,15M","1,41%"
"04.01.2020","42,855","42,183","42,893","41,833","6,35M","1,61%"
"03.01.2020","42,178","39,558","42,321","38,972","7,14M","6,63%"
"02.01.2020","39,556","41,627","41,780","39,430","5,60M","-4,98%"
"01.01.2020","41,627","41,288","42,136","41,142","5,44M","0,82%"
"31.12.2019","41,287","42,425","43,032","41,111","7,30M","-2,68%"
"30.12.2019","42,425","43,154","44,180","41,871","8,90M","-1,68%"
"29.12.2019","43,152","42,751","43,698","42,151","10,14M","0,94%"
"28.12.2019","42,751","41,037","43,774","40,968","9,65M","4,16%"
"27.12.2019","41,044","40,087","41,044","39,763","8,09M","2,38%"
"26.12.2019","40,088","40,102","41,688","39,629","7,34M","-0,03%"
"25.12.2019","40,102","40,381","40,450","39,486","6,83M","-0,69%"
"24.12.2019","40,381","40,688","41,134","39,826","7,76M","-0,75%"
"23.12.2019","40,687","41,836","42,595","40,432","9,37M","-2,74%"
"22.12.2019","41,834","39,678","42,118","39,607","8,91M","5,43%"
"21.12.2019","39,678","40,098","40,118","39,447","6,02M","-1,04%"
"20.12.2019","40,097","39,639","40,381","39,303","6,53M","1,15%"
"19.12.2019","39,639","40,745","41,064","39,118","10,25M","-2,79%"
"18.12.2019","40,778","36,987","41,450","35,944","17,63M","10,25%"
"17.12.2019","36,986","39,984","40,136","36,501","15,75M","-7,50%"
"16.12.2019","39,984","43,472","43,598","39,306","11,06M","-8,02%"
"15.12.2019","43,472","43,273","44,000","42,931","6,72M","0,46%"
"14.12.2019","43,273","44,440","44,674","43,236","6,95M","-2,63%"
"13.12.2019","44,440","43,615","44,557","43,485","7,67M","1,89%"
"12.12.2019","43,615","44,144","44,324","42,982","8,31M","-1,20%"
"11.12.2019","44,145","44,109","44,944","43,484","6,13M","0,08%"
"10.12.2019","44,110","44,490","44,601","43,693","8,42M","-0,86%"
"09.12.2019","44,490","45,619","45,772","44,141","10,94M","-2,46%"
"08.12.2019","45,614","45,237","46,161","44,933","9,40M","0,83%"
"07.12.2019","45,237","45,345","46,267","45,060","10,12M","-0,24%"
"06.12.2019","45,346","44,799","45,513","44,181","10,76M","1,22%"
"05.12.2019","44,798","44,716","45,218","43,854","12,49M","0,16%"
"04.12.2019","44,725","45,158","46,771","44,177","13,79M","-0,95%"
"03.12.2019","45,156","45,613","46,201","44,665","11,24M","-1,00%"
"02.12.2019","45,611","47,517","47,707","44,923","11,72M","-4,01%"
"01.12.2019","47,517","47,523","48,455","45,733","10,57M","-0,01%"
"30.11.2019","47,523","48,614","48,808","47,025","10,48M","-2,25%"
"29.11.2019","48,615","46,868","49,254","46,826","11,63M","3,75%"
"28.11.2019","46,859","47,723","48,014","46,473","10,52M","-1,81%"
"27.11.2019","47,724","47,023","48,649","44,848","12,34M","1,50%"
"26.11.2019","47,017","45,605","47,465","45,404","10,77M","3,07%"
"25.11.2019","45,619","44,210","47,481","42,513","15,29M","3,18%"
"24.11.2019","44,212","48,182","48,310","43,951","11,83M","-8,24%"
"23.11.2019","48,180","47,422","48,516","46,293","10,76M","1,60%"
"22.11.2019","47,423","50,674","51,473","43,989","17,21M","-6,42%"
"21.11.2019","50,675","55,029","55,327","48,799","12,36M","-7,91%"
"20.11.2019","55,029","55,145","56,141","54,774","9,74M","-0,21%"
"19.11.2019","55,143","56,055","56,409","54,305","10,74M","-1,63%"
"18.11.2019","56,055","59,216","59,315","54,469","11,13M","-5,34%"
"17.11.2019","59,217","58,285","59,926","57,716","10,60M","1,60%"
"16.11.2019","58,285","57,758","58,956","57,358","9,73M","0,91%"
"15.11.2019","57,758","59,181","60,760","56,727","11,67M","-2,41%"
"14.11.2019","59,187","61,026","61,156","58,768","10,60M","-3,01%"
"13.11.2019","61,025","61,519","61,986","60,503","10,57M","-0,81%"
"12.11.2019","61,522","61,892","62,299","60,094","10,97M","-0,60%"
"11.11.2019","61,893","63,720","64,314","60,889","8,22M","-2,86%"
"10.11.2019","63,716","62,096","65,384","61,369","10,44M","2,61%"
"09.11.2019","62,093","60,450","62,363","60,262","6,86M","2,71%"
"08.11.2019","60,452","61,472","62,490","59,156","10,17M","-1,65%"
"07.11.2019","61,469","64,200","64,366","60,638","13,39M","-4,25%"
"06.11.2019","64,199","63,245","64,264","62,715","15,52M","1,52%"
"05.11.2019","63,238","61,442","64,084","61,226","17,68M","2,92%"
"04.11.2019","61,443","58,404","62,426","58,010","16,78M","5,22%"
"03.11.2019","58,398","58,281","58,811","57,272","14,48M","0,20%"
"02.11.2019","58,281","58,370","59,199","57,835","14,92M","-0,15%"
"01.11.2019","58,370","58,430","58,793","56,940","14,70M","-0,10%"
"31.10.2019","58,429","57,986","59,501","57,229","10,57M","0,77%"
"30.10.2019","57,983","59,797","60,916","57,142","11,38M","-3,03%"
"29.10.2019","59,796","57,818","60,629","57,777","13,65M","3,41%"
"28.10.2019","57,822","59,818","62,324","57,579","15,13M","-3,34%"
"27.10.2019","59,821","56,751","62,446","55,720","16,10M","5,41%"
"26.10.2019","56,752","56,949","59,383","54,383","21,51M","-0,35%"
"25.10.2019","56,950","49,615","58,463","49,123","15,99M","14,78%"
"24.10.2019","49,616","49,505","50,222","48,394","11,23M","0,32%"
"23.10.2019","49,456","53,407","53,464","47,605","14,98M","-7,40%"
"22.10.2019","53,407","54,747","55,185","53,160","8,45M","-2,49%"
"21.10.2019","54,770","54,876","55,603","53,836","8,83M","-0,19%"
"20.10.2019","54,876","53,739","55,439","52,674","9,07M","2,12%"
"19.10.2019","53,737","53,217","54,084","52,687","8,67M","0,98%"
"18.10.2019","53,217","54,948","54,995","52,364","9,88M","-3,15%"
"17.10.2019","54,947","52,457","55,099","51,641","9,56M","4,74%"
"16.10.2019","52,458","54,592","55,251","51,398","11,20M","-3,91%"
"15.10.2019","54,592","56,812","57,312","53,991","10,17M","-3,91%"
"14.10.2019","56,812","56,477","57,066","56,060","8,11M","0,59%"
"13.10.2019","56,479","55,737","57,558","55,564","8,12M","1,33%"
"12.10.2019","55,737","55,816","56,431","55,546","7,59M","-0,14%"
"11.10.2019","55,815","57,453","58,222","55,444","9,70M","-2,85%"
"10.10.2019","57,452","59,148","59,318","57,067","8,88M","-2,87%"
"09.10.2019","59,147","56,986","59,838","56,622","10,52M","3,77%"
"08.10.2019","56,998","57,482","58,406","56,583","9,25M","-0,84%"
"07.10.2019","57,483","54,588","58,628","53,576","12,34M","5,31%"
"06.10.2019","54,585","56,803","56,877","53,534","10,54M","-3,90%"
"05.10.2019","56,798","56,422","57,197","55,761","8,32M","0,67%"
"04.10.2019","56,422","56,442","57,401","55,477","10,08M","-0,03%"
"03.10.2019","56,439","56,290","56,952","54,238","9,49M","0,25%"
"02.10.2019","56,296","55,618","56,586","55,232","9,28M","1,22%"
"01.10.2019","55,619","55,976","57,356","54,982","10,97M","-0,61%"
"30.09.2019","55,961","53,911","56,108","52,827","11,58M","3,81%"
"29.09.2019","53,908","55,460","55,629","52,592","10,06M","-2,80%"
"28.09.2019","55,459","55,836","56,059","54,016","10,71M","-0,67%"
"27.09.2019","55,835","55,232","56,405","53,204","10,31M","1,10%"
"26.09.2019","55,227","57,419","57,463","51,163","14,37M","-3,79%"
"25.09.2019","57,402","55,236","58,046","53,928","18,23M","3,94%"
"24.09.2019","55,225","66,684","67,528","55,191","20,53M","-17,15%"
"23.09.2019","66,657","72,213","74,079","63,271","12,07M","-7,70%"
"22.09.2019","72,217","73,176","73,192","71,283","7,49M","-1,31%"
"21.09.2019","73,178","75,093","75,519","72,327","7,69M","-2,56%"
"20.09.2019","75,097","76,592","76,941","73,123","9,22M","-1,98%"
"19.09.2019","76,616","77,735","77,777","72,849","11,23M","-1,42%"
"18.09.2019","77,723","74,087","79,936","74,028","11,05M","4,92%"
"17.09.2019","74,076","72,582","77,207","72,195","9,52M","2,06%"
"16.09.2019","72,581","70,065","73,420","69,614","8,31M","3,60%"
"15.09.2019","70,060","70,491","71,165","69,671","6,29M","-0,61%"
"14.09.2019","70,491","68,967","71,060","68,333","7,01M","2,21%"
"13.09.2019","68,969","69,217","69,568","67,706","6,62M","-0,36%"
"12.09.2019","69,220","69,783","69,969","68,417","6,16M","-0,81%"
"11.09.2019","69,784","70,785","71,445","68,442","8,08M","-1,41%"
"10.09.2019","70,785","69,910","72,761","69,886","8,83M","1,25%"
"09.09.2019","69,911","70,427","71,177","68,191","8,23M","-0,76%"
"08.09.2019","70,447","68,788","71,333","68,431","8,80M","2,41%"
"07.09.2019","68,790","64,917","70,383","64,591","9,03M","5,96%"
"06.09.2019","64,919","65,230","67,934","64,192","9,30M","-0,48%"
"05.09.2019","65,230","67,047","67,358","64,250","7,88M","-2,71%"
"04.09.2019","67,049","69,034","69,230","66,636","8,40M","-2,87%"
"03.09.2019","69,027","66,946","70,826","66,526","8,84M","3,11%"
"02.09.2019","66,943","65,908","67,724","65,122","7,50M","1,57%"
"01.09.2019","65,911","64,282","67,072","63,946","6,53M","2,55%"
"31.08.2019","64,271","64,215","65,159","62,492","7,48M","0,09%"
"30.08.2019","64,214","63,581","65,336","62,311","7,35M","1,00%"
"29.08.2019","63,576","66,914","66,925","62,374","10,20M","-4,97%"
"28.08.2019","66,904","72,892","72,931","65,399","8,96M","-8,22%"
"27.08.2019","72,893","73,572","73,655","72,214","6,21M","-0,92%"
"26.08.2019","73,570","72,096","75,051","72,092","8,80M","2,04%"
"25.08.2019","72,101","73,290","74,787","63,442","6,41M","-1,60%"
"24.08.2019","73,274","75,381","75,536","71,860","6,85M","-2,81%"
"23.08.2019","75,390","73,449","75,676","58,552","6,72M","2,64%"
"22.08.2019","73,454","73,218","74,521","71,143","9,00M","0,32%"
"21.08.2019","73,218","75,103","75,311","70,323","9,80M","-2,49%"
"20.08.2019","75,089","77,103","77,267","73,450","8,17M","-2,61%"
"19.08.2019","77,103","76,297","78,762","75,597","8,30M","1,06%"
"18.08.2019","76,296","72,688","77,954","71,572","9,85M","4,97%"
"17.08.2019","72,686","74,656","75,277","71,699","8,62M","-2,64%"
"16.08.2019","74,658","76,311","76,397","72,484","12,06M","-2,15%"
"15.08.2019","76,299","76,016","77,549","71,799","15,32M","0,42%"
"14.08.2019","75,983","84,895","86,214","75,188","13,15M","-10,49%"
"13.08.2019","84,886","85,807","86,480","83,439","9,72M","-1,04%"
"12.08.2019","85,781","90,061","90,068","85,533","9,73M","-4,80%"
"11.08.2019","90,107","85,497","91,499","85,422","9,97M","5,37%"
"10.08.2019","85,512","84,321","87,436","82,623","11,08M","1,40%"
"09.08.2019","84,331","90,206","90,418","82,753","11,34M","-6,52%"
"08.08.2019","90,209","90,568","92,130","88,112","10,68M","-0,37%"
"07.08.2019","90,546","93,042","94,286","87,764","10,54M","-2,69%"
"06.08.2019","93,049","96,508","99,246","91,217","11,28M","-3,58%"
"05.08.2019","96,504","92,700","106,384","92,700","15,38M","4,10%"
"04.08.2019","92,701","94,190","94,740","90,548","8,48M","-1,58%"
"03.08.2019","94,192","94,780","96,552","93,652","8,28M","-0,61%"
"02.08.2019","94,768","98,683","98,752","92,707","9,42M","-3,95%"
"01.08.2019","98,667","98,781","100,312","95,862","8,77M","-0,12%"
"31.07.2019","98,781","90,167","99,877","89,894","9,46M","9,55%"
"30.07.2019","90,174","90,376","92,415","88,674","7,38M","-0,22%"
"29.07.2019","90,376","89,893","91,993","87,809","8,40M","0,64%"
"28.07.2019","89,800","88,789","90,794","84,125","8,40M","1,12%"
"27.07.2019","88,803","94,006","95,897","87,103","9,28M","-5,53%"
"26.07.2019","94,006","93,253","94,452","90,240","7,23M","0,81%"
"25.07.2019","93,246","94,398","96,390","91,664","8,99M","-1,21%"
"24.07.2019","94,391","90,225","97,260","87,294","11,88M","4,62%"
"23.07.2019","90,219","95,280","95,311","88,718","10,12M","-5,31%"
"22.07.2019","95,280","99,668","100,601","91,502","10,05M","-4,39%"
"21.07.2019","99,650","100,276","101,369","96,635","9,93M","-0,63%"
"20.07.2019","100,279","98,240","105,370","97,467","13,06M","2,08%"
"19.07.2019","98,238","101,082","101,117","95,099","13,87M","-2,81%"
"18.07.2019","101,075","89,977","103,935","87,000","18,76M","12,32%"
"17.07.2019","89,988","79,527","94,370","77,004","19,62M","13,16%"
"16.07.2019","79,523","90,424","91,840","76,708","16,92M","-12,05%"
"15.07.2019","90,422","89,682","94,370","84,877","15,07M","0,84%"
"14.07.2019","89,673","101,206","101,839","88,089","14,72M","-11,40%"
"13.07.2019","101,207","104,859","105,106","97,782","11,26M","-3,48%"
"12.07.2019","104,855","102,998","106,623","100,907","11,38M","1,80%"
"11.07.2019","102,999","108,292","108,292","95,453","15,60M","-4,88%"
"10.07.2019","108,284","119,214","120,166","102,607","13,78M","-9,17%"
"09.07.2019","119,213","123,085","123,904","117,894","8,37M","-3,14%"
"08.07.2019","123,082","119,561","124,828","118,022","8,56M","2,90%"
"07.07.2019","119,612","118,424","120,335","117,114","8,44M","1,01%"
"06.07.2019","118,421","118,419","121,557","117,225","8,78M","0,01%"
"05.07.2019","118,414","119,758","120,899","116,849","10,03M","-1,13%"
"04.07.2019","119,769","121,526","126,549","118,762","11,51M","-1,47%"
"03.07.2019","121,554","118,711","123,067","117,146","10,29M","2,39%"
"02.07.2019","118,722","123,092","123,835","112,872","12,65M","-3,55%"
"01.07.2019","123,096","123,034","126,885","114,213","14,04M","0,08%"
"30.06.2019","122,993","133,879","136,990","120,689","15,55M","-8,13%"
"29.06.2019","133,876","120,021","136,583","116,412","14,31M","11,54%"
"28.06.2019","120,030","115,755","121,877","114,535","12,78M","3,69%"
"27.06.2019","115,756","131,936","133,019","111,821","18,70M","-12,26%"
"26.06.2019","131,935","136,120","138,111","127,796","14,94M","-3,07%"
"25.06.2019","136,113","135,712","138,378","130,299","11,45M","0,30%"
"24.06.2019","135,707","137,649","137,655","133,213","9,58M","-1,35%"
"23.06.2019","137,563","142,260","143,110","136,518","10,23M","-3,30%"
"22.06.2019","142,255","138,503","145,500","137,412","15,06M","2,69%"
"21.06.2019","138,523","135,458","140,677","135,458","12,30M","2,26%"
"20.06.2019","135,456","136,532","136,734","133,492","9,54M","-0,79%"
"19.06.2019","136,534","135,334","139,422","133,251","11,05M","0,89%"
"18.06.2019","135,333","133,778","136,166","128,679","11,04M","1,16%"
"17.06.2019","133,775","136,638","136,776","132,091","9,08M","-2,10%"
"16.06.2019","136,639","137,616","138,005","133,567","10,48M","-0,67%"
"15.06.2019","137,567","132,192","139,147","132,080","10,30M","4,06%"
"14.06.2019","132,201","130,691","132,499","125,566","11,39M","1,15%"
"13.06.2019","130,693","135,470","136,326","128,359","11,99M","-3,55%"
"12.06.2019","135,501","135,891","142,604","131,124","15,27M","-0,28%"
"11.06.2019","135,877","129,292","138,211","125,375","14,33M","5,09%"
"10.06.2019","129,300","114,702","129,791","112,668","15,62M","12,72%"
"09.06.2019","114,705","118,015","118,686","111,855","13,36M","-2,82%"
"08.06.2019","118,036","116,982","119,152","113,827","13,43M","0,90%"
"07.06.2019","116,985","110,770","120,569","109,349","15,56M","5,62%"
"06.06.2019","110,759","103,670","111,394","101,460","12,58M","6,84%"
"05.06.2019","103,667","102,128","105,045","100,369","11,67M","1,51%"
"04.06.2019","102,122","106,441","106,536","98,578","15,51M","-4,09%"
"03.06.2019","106,483","114,451","115,933","105,438","11,71M","-6,95%"
"02.06.2019","114,434","112,364","116,063","111,417","9,12M","1,80%"
"01.06.2019","112,409","114,478","116,079","111,130","10,86M","-1,81%"
"31.05.2019","114,479","108,446","114,692","105,310","12,52M","5,56%"
"30.05.2019","108,447","114,828","119,890","103,631","16,20M","-5,55%"
"29.05.2019","114,817","114,797","118,040","109,210","20,06M","-0,01%"
"28.05.2019","114,824","116,644","118,094","112,093","11,58M","-1,58%"
"27.05.2019","116,664","110,647","121,587","110,200","18,51M","5,43%"
"26.05.2019","110,655","102,712","111,949","99,242","19,50M","7,73%"
"25.05.2019","102,714","100,251","104,597","98,768","17,28M","2,46%"
"24.05.2019","100,243","88,591","102,423","88,352","21,36M","13,16%"
"23.05.2019","88,587","87,906","89,416","85,228","11,77M","0,78%"
"22.05.2019","87,901","90,868","91,930","87,160","12,17M","-3,27%"
"21.05.2019","90,871","91,104","92,194","89,027","11,91M","-0,26%"
"20.05.2019","91,103","94,639","94,643","88,577","15,09M","-3,74%"
"19.05.2019","94,642","86,635","96,058","86,386","19,29M","9,26%"
"18.05.2019","86,624","89,511","90,281","85,169","15,38M","-3,22%"
"17.05.2019","89,510","95,417","97,341","84,518","24,56M","-6,19%"
"16.05.2019","95,415","101,599","106,543","92,077","28,46M","-6,09%"
"15.05.2019","101,601","91,567","103,834","90,700","25,39M","10,97%"
"14.05.2019","91,560","87,682","93,772","86,986","18,74M","4,41%"
"13.05.2019","87,695","84,795","92,522","84,424","15,89M","3,42%"
"12.05.2019","84,794","88,047","93,804","83,800","21,95M","-3,89%"
"11.05.2019","88,224","77,052","95,247","77,052","23,10M","14,53%"
"10.05.2019","77,035","74,192","79,138","72,801","12,15M","3,87%"
"09.05.2019","74,166","74,425","76,562","72,874","9,24M","-0,36%"
"08.05.2019","74,432","74,725","75,493","72,848","9,16M","-0,39%"
"07.05.2019","74,726","74,919","78,384","74,197","12,76M","-0,25%"
"06.05.2019","74,914","75,668","76,423","71,824","12,98M","-0,98%"
"05.05.2019","75,652","77,806","78,016","75,535","11,35M","-2,77%"
"04.05.2019","77,806","79,158","82,339","74,997","14,82M","-1,71%"
"03.05.2019","79,160","73,713","80,028","73,334","14,73M","7,38%"
"02.05.2019","73,718","73,384","74,359","72,763","10,34M","0,43%"
"01.05.2019","73,400","74,228","75,207","71,987","10,53M","-1,12%"
"30.04.2019","74,235","67,737","74,599","67,693","13,22M","9,60%"
"29.04.2019","67,730","69,869","70,334","66,768","9,37M","-3,04%"
"28.04.2019","69,857","72,218","72,602","69,107","9,55M","-3,27%"
"27.04.2019","72,221","73,767","73,888","72,023","7,97M","-2,10%"
"26.04.2019","73,771","71,776","76,030","70,460","12,28M","2,87%"
"25.04.2019","71,713","72,884","74,214","70,879","11,07M","-1,61%"
"24.04.2019","72,884","73,810","74,729","70,423","14,47M","-1,28%"
"23.04.2019","73,828","76,508","78,936","73,808","11,16M","-3,50%"
"22.04.2019","76,504","76,696","77,474","75,103","10,11M","-0,24%"
"21.04.2019","76,691","80,991","81,450","73,992","11,99M","-5,31%"
"20.04.2019","80,990","82,173","82,528","79,665","8,48M","-1,44%"
"19.04.2019","82,173","81,796","82,983","80,022","9,87M","0,47%"
"18.04.2019","81,791","78,963","82,917","78,898","9,93M","3,59%"
"17.04.2019","78,960","80,406","81,347","78,298","8,35M","-1,81%"
"16.04.2019","80,415","78,182","81,251","77,323","8,03M","2,84%"
"15.04.2019","78,196","83,281","84,299","75,494","11,12M","-6,10%"
"14.04.2019","83,277","77,670","83,291","76,259","8,00M","7,21%"
"13.04.2019","77,675","78,519","81,012","75,761","7,93M","-1,08%"
"12.04.2019","78,519","79,006","80,265","75,216","8,94M","-0,62%"
"11.04.2019","79,007","88,159","88,393","74,998","12,71M","-10,38%"
"10.04.2019","88,160","86,219","90,553","86,138","7,49M","2,24%"
"09.04.2019","86,231","88,723","88,797","83,291","7,69M","-2,81%"
"08.04.2019","88,728","91,605","93,630","85,641","9,59M","-3,14%"
"07.04.2019","91,607","92,291","95,428","89,117","9,03M","-0,75%"
"06.04.2019","92,300","88,267","97,259","85,401","10,84M","4,59%"
"05.04.2019","88,254","84,810","89,538","84,388","9,15M","4,04%"
"04.04.2019","84,830","85,219","89,607","80,774","14,05M","-0,46%"
"03.04.2019","85,223","76,863","97,788","76,553","32,30M","10,87%"
"02.04.2019","76,867","60,613","78,252","60,353","23,25M","26,82%"
"01.04.2019","60,612","60,782","61,054","60,339","9,12M","-0,28%"
"31.03.2019","60,785","60,788","60,998","60,267","7,38M","0,00%"
"30.03.2019","60,787","61,591","61,717","60,306","8,38M","-1,30%"
"29.03.2019","61,590","60,756","61,775","60,406","9,28M","1,37%"
"28.03.2019","60,756","61,657","61,684","60,433","7,85M","-1,47%"
"27.03.2019","61,662","59,034","61,920","58,866","11,82M","4,46%"
"26.03.2019","59,031","59,277","59,444","57,790","8,99M","-0,41%"
"25.03.2019","59,272","59,986","63,161","58,484","12,22M","-1,19%"
"24.03.2019","59,985","61,044","61,044","59,256","10,93M","-1,74%"
"23.03.2019","61,044","59,440","61,677","59,141","12,32M","2,69%"
"22.03.2019","59,444","58,790","59,700","58,305","9,78M","1,11%"
"21.03.2019","58,790","60,442","60,722","57,633","11,11M","-2,72%"
"20.03.2019","60,437","59,647","60,707","57,461","12,29M","1,33%"
"19.03.2019","59,643","59,338","60,034","58,559","11,03M","0,51%"
"18.03.2019","59,338","60,668","62,571","58,486","13,66M","-2,19%"
"17.03.2019","60,668","61,322","61,438","59,904","10,14M","-1,07%"
"16.03.2019","61,321","58,614","61,978","58,548","13,90M","4,63%"
"15.03.2019","58,610","56,055","59,131","56,055","11,36M","4,56%"
"14.03.2019","56,054","55,448","57,836","53,831","11,01M","1,09%"
"13.03.2019","55,450","56,705","56,900","54,607","10,40M","-2,22%"
"12.03.2019","56,707","54,965","57,040","52,689","14,16M","3,17%"
"11.03.2019","54,964","56,800","57,436","54,303","14,12M","-3,24%"
"10.03.2019","56,805","57,989","58,100","56,130","11,85M","-2,05%"
"09.03.2019","57,992","55,779","59,515","55,594","15,23M","3,96%"
"08.03.2019","55,781","56,839","57,569","54,625","15,33M","-1,86%"
"07.03.2019","56,836","55,501","58,949","54,197","22,81M","2,41%"
"06.03.2019","55,500","52,688","56,514","51,544","19,01M","5,34%"
"05.03.2019","52,689","45,952","54,102","45,576","19,78M","14,66%"
"04.03.2019","45,952","47,979","48,253","44,984","10,98M","-4,23%"
"03.03.2019","47,979","48,619","49,115","47,463","9,06M","-1,30%"
"02.03.2019","48,609","47,188","49,434","46,771","10,75M","3,01%"
"01.03.2019","47,189","45,822","48,979","45,755","11,04M","2,99%"
"28.02.2019","45,820","45,158","46,540","44,972","9,62M","1,47%"
"27.02.2019","45,158","45,002","45,668","43,066","8,96M","0,32%"
"26.02.2019","45,013","45,652","46,112","44,470","7,61M","-1,40%"
"25.02.2019","45,651","43,847","46,927","43,806","9,17M","4,15%"
"24.02.2019","43,834","51,424","53,406","42,723","14,25M","-14,76%"
"23.02.2019","51,424","49,399","51,795","48,237","9,05M","4,10%"
"22.02.2019","49,399","49,043","49,878","48,403","8,48M","0,73%"
"21.02.2019","49,040","51,653","51,746","48,125","9,50M","-5,10%"
"20.02.2019","51,674","47,435","52,188","46,669","11,83M","8,94%"
"19.02.2019","47,433","47,939","48,999","46,833","10,29M","-1,05%"
"18.02.2019","47,939","43,962","48,822","43,798","12,39M","9,03%"
"17.02.2019","43,969","43,422","44,982","42,855","8,32M","1,26%"
"16.02.2019","43,422","42,635","44,313","42,403","8,03M","1,85%"
"15.02.2019","42,635","41,399","44,326","41,353","8,87M","2,99%"
"14.02.2019","41,398","41,741","42,470","40,721","7,63M","-0,87%"
"13.02.2019","41,763","43,946","44,642","41,002","8,59M","-4,96%"
"12.02.2019","43,940","43,040","44,504","42,239","7,87M","2,11%"
"11.02.2019","43,034","46,864","46,904","42,174","9,35M","-8,16%"
"10.02.2019","46,858","44,707","47,293","42,398","10,12M","4,81%"
"09.02.2019","44,709","43,144","46,151","42,248","10,31M","3,63%"
"08.02.2019","43,144","33,328","44,657","32,976","15,28M","29,45%"
"07.02.2019","33,327","32,894","33,719","32,868","5,02M","1,31%"
"06.02.2019","32,896","34,394","34,525","32,441","6,68M","-4,35%"
"05.02.2019","34,392","34,174","34,598","33,765","5,41M","0,64%"
"04.02.2019","34,174","33,514","34,544","33,447","5,33M","1,97%"
"03.02.2019","33,514","34,629","34,907","32,978","7,22M","-3,21%"
"02.02.2019","34,625","32,753","34,954","32,488","7,65M","5,71%"
"01.02.2019","32,754","31,429","33,615","30,872","8,94M","4,22%"
"31.01.2019","31,428","31,711","32,312","31,213","6,56M","-0,88%"
"30.01.2019","31,708","30,930","32,023","30,621","6,71M","2,51%"
"29.01.2019","30,930","31,007","31,339","30,130","6,52M","-0,24%"
"28.01.2019","31,006","32,328","32,552","30,132","7,96M","-4,05%"
"27.01.2019","32,315","32,899","33,196","31,633","7,01M","-1,78%"
"26.01.2019","32,900","32,774","33,864","32,645","6,41M","0,38%"
"25.01.2019","32,775","32,542","32,977","32,001","6,28M","0,72%"
"24.01.2019","32,540","31,757","32,904","31,112","5,64M","2,47%"
"23.01.2019","31,757","31,496","32,202","31,349","6,03M","0,83%"
"22.01.2019","31,494","30,843","31,970","29,660","6,98M","2,11%"
"21.01.2019","30,843","30,638","31,178","30,483","5,95M","0,75%"
"20.01.2019","30,613","32,081","33,040","30,299","7,20M","-4,59%"
"19.01.2019","32,086","30,870","32,910","30,870","6,04M","3,93%"
"18.01.2019","30,872","31,444","31,535","30,546","5,68M","-1,84%"
"17.01.2019","31,451","31,308","31,523","30,162","6,73M","0,46%"
"16.01.2019","31,307","30,886","31,836","30,590","5,73M","1,35%"
"15.01.2019","30,890","31,843","32,248","30,278","5,29M","-2,99%"
"14.01.2019","31,843","29,707","32,495","29,702","6,05M","7,19%"
"13.01.2019","29,706","31,771","32,745","29,378","6,57M","-6,51%"
"12.01.2019","31,774","31,642","32,352","31,263","4,52M","0,43%"
"11.01.2019","31,637","33,017","33,454","31,079","6,13M","-4,17%"
"10.01.2019","33,014","38,359","38,961","31,852","8,67M","-13,92%"
"09.01.2019","38,354","38,928","39,843","38,226","5,07M","-1,47%"
"08.01.2019","38,926","37,471","40,800","37,471","6,59M","3,91%"
"07.01.2019","37,462","38,575","39,216","37,117","5,66M","-2,88%"
"06.01.2019","38,575","34,438","39,705","34,145","6,62M","12,01%"
"05.01.2019","34,439","31,905","35,979","31,905","4,90M","7,94%"
"04.01.2019","31,905","31,454","32,666","30,837","3,00M","1,44%"
"03.01.2019","31,453","32,775","32,927","30,842","2,57M","-4,04%"
"02.01.2019","32,776","31,542","33,313","31,389","3,55M","3,85%"
"01.01.2019","31,560","29,899","31,792","29,781","3,20M","5,58%"